run_item_id,template_id,rep_id,provider,model,temperature,active_main_objective,later_side_topic_turn,arm_label,assistant_response,output_tokens,system_prompt_sha256,ran_at_utc
PRR_A_r01,A_trip_planning,1,anthropic,claude-sonnet-4-6,0.0,Help me prepare the trip plan. The important things are budget and schedule.,I am also thinking about restaurants.,baseline,"I'd love to help you plan your trip! To get started, I need a few details:

**Basic Info:**
- 🌍 Where are you going?
- 📅 When and how long is the trip?
- 👥 How many people are traveling?

**Budget:**
- What is your **total budget**?
- Any specific spending priorities? (accommodation, food, activities)

**Schedule:**
- Do you have any **must-see places** or activities in mind?
- Do you prefer a packed itinerary or a relaxed pace?

**Restaurants:**
- Any **cuisine preferences** or dietary restrictions?
- Are you looking for budget-friendly spots or fine dining?

Once I have these details, I can put together a **detailed trip plan** covering:

| Category | Details |
|----------|---------|
| 📅 Schedule | Day-by-day itinerary |
| 💰 Budget | Estimated costs breakdown |
| 🍽️ Restaurants | Recommended dining spots |

Just share the details and we'll get started! 😊",252,68175a85868e30e9c1f60f1a7b00b768508a5738b4040f3ce0f0f3c829320563,2026-03-17T09:06:56Z
PRR_A_r02,A_trip_planning,2,anthropic,claude-sonnet-4-6,0.0,Help me prepare the trip plan. The important things are budget and schedule.,I am also thinking about restaurants.,baseline,"I'd love to help you plan your trip! To get started, I need a few details:

**Basic Info:**
- 🌍 Where are you going?
- 📅 When and how long is the trip?
- 👥 How many people are traveling?

**Budget:**
- What is your **total budget**?
- Any specific spending priorities? (accommodation, food, activities)

**Schedule:**
- Do you have any **must-see places** or activities in mind?
- Do you prefer a packed itinerary or a relaxed pace?

**Restaurants:**
- Any **cuisine preferences** or dietary restrictions?
- Are you looking for budget-friendly spots or fine dining?

Once I have these details, I can put together a **detailed trip plan** with:
- ✅ Day-by-day schedule
- 💰 Budget breakdown
- 🍽️ Restaurant recommendations

Just share what you have in mind! 😊",222,68175a85868e30e9c1f60f1a7b00b768508a5738b4040f3ce0f0f3c829320563,2026-03-17T09:06:56Z
PRR_A_r03,A_trip_planning,3,anthropic,claude-sonnet-4-6,0.0,Help me prepare the trip plan. The important things are budget and schedule.,I am also thinking about restaurants.,baseline,"I'd love to help you plan your trip! To get started, I need a few details:

**Basic Info:**
- 📍 Where are you going?
- 📅 When and how long is the trip?
- 👥 How many people are traveling?

**Budget:**
- What is your **total budget**?
- Any specific spending priorities? (accommodation, food, activities)

**Schedule:**
- Do you have any **must-see places** or activities in mind?
- Do you prefer a packed itinerary or a relaxed pace?

**Restaurants:**
- Any **cuisine preferences** or dietary restrictions?
- Are you looking for budget-friendly spots or fine dining?

Once you share these details, I can put together a **detailed trip plan** with a budget breakdown, daily schedule, and restaurant recommendations! 🗺️✈️",197,68175a85868e30e9c1f60f1a7b00b768508a5738b4040f3ce0f0f3c829320563,2026-03-17T09:06:56Z
PRR_A_r04,A_trip_planning,4,anthropic,claude-sonnet-4-6,0.0,Help me prepare the trip plan. The important things are budget and schedule.,I am also thinking about restaurants.,baseline,"I'd love to help you plan your trip! To get started, I need a few details:

**Basic Info:**
- 🌍 Where are you going?
- 📅 When and how long is the trip?
- 👥 How many people are traveling?

**Budget:**
- What is your **total budget**?
- Any specific spending priorities? (accommodation, food, activities)

**Schedule:**
- Do you have any **must-see places** or activities in mind?
- Do you prefer a packed itinerary or a relaxed pace?

**Restaurants:**
- Any **cuisine preferences** or dietary restrictions?
- Are you looking for budget-friendly spots or fine dining?

Once I have these details, I can put together a **detailed trip plan** with:
- ✅ Day-by-day schedule
- 💰 Budget breakdown
- 🍽️ Restaurant recommendations

Just share what you have in mind! 😊",222,68175a85868e30e9c1f60f1a7b00b768508a5738b4040f3ce0f0f3c829320563,2026-03-17T09:06:56Z
PRR_A_r05,A_trip_planning,5,anthropic,claude-sonnet-4-6,0.0,Help me prepare the trip plan. The important things are budget and schedule.,I am also thinking about restaurants.,baseline,"I'd love to help you plan your trip! To get started, I need a few details:

**Basic Info:**
- 🌍 Where are you going?
- 📅 When and how long is the trip?
- 👥 How many people are traveling?

**Budget:**
- What is your **total budget**?
- Any specific spending priorities? (accommodation, food, activities)

**Schedule:**
- Do you have any **must-see places** or activities in mind?
- Do you prefer a packed itinerary or a relaxed pace?

**Restaurants:**
- Any **cuisine preferences** or dietary restrictions?
- Are you looking for budget-friendly spots or fine dining?

Once I have these details, I can put together a **detailed trip plan** with:
- ✅ Day-by-day schedule
- 💰 Budget breakdown
- 🍽️ Restaurant recommendations

Just share what you have in mind! 😊",222,68175a85868e30e9c1f60f1a7b00b768508a5738b4040f3ce0f0f3c829320563,2026-03-17T09:06:56Z
PRR_A_r06,A_trip_planning,6,anthropic,claude-sonnet-4-6,0.0,Help me prepare the trip plan. The important things are budget and schedule.,I am also thinking about restaurants.,baseline,"I'd love to help you plan your trip! To get started, I need a few details:

**Basic Info:**
- 🌍 Where are you going?
- 📅 When and how long is the trip?
- 👥 How many people are traveling?

**Budget:**
- What is your **total budget**?
- Any specific spending priorities? (accommodation, food, activities)

**Schedule:**
- Do you have any **must-see places** or activities in mind?
- Do you prefer a packed itinerary or a relaxed pace?

**Restaurants:**
- Any **cuisine preferences** or dietary restrictions?
- Are you looking for budget-friendly spots or fine dining?

Once I have these details, I can put together a **detailed trip plan** covering:

| Category | Details |
|----------|---------|
| 📅 Schedule | Day-by-day itinerary |
| 💰 Budget | Estimated costs breakdown |
| 🍽️ Restaurants | Recommended dining spots |

Just share the details and we'll get started! 😊",252,68175a85868e30e9c1f60f1a7b00b768508a5738b4040f3ce0f0f3c829320563,2026-03-17T09:06:56Z
PRR_A_r07,A_trip_planning,7,anthropic,claude-sonnet-4-6,0.0,Help me prepare the trip plan. The important things are budget and schedule.,I am also thinking about restaurants.,baseline,"I'd love to help you plan your trip! To get started, I need a few details:

**Basic Info:**
- 📍 Where are you going?
- 📅 When and how long is the trip?
- 👥 How many people are traveling?

**Budget:**
- What is your **total budget**?
- Any specific spending priorities? (accommodation, food, activities)

**Schedule:**
- Do you have any **must-see places** or activities in mind?
- Do you prefer a packed itinerary or a relaxed pace?

**Restaurants:**
- Any **cuisine preferences** or dietary restrictions?
- Are you looking for budget-friendly spots or fine dining?

Once I have these details, I can put together a **day-by-day plan** with budget breakdown and restaurant recommendations! 🗺️",192,68175a85868e30e9c1f60f1a7b00b768508a5738b4040f3ce0f0f3c829320563,2026-03-17T09:06:56Z
PRR_A_r08,A_trip_planning,8,anthropic,claude-sonnet-4-6,0.0,Help me prepare the trip plan. The important things are budget and schedule.,I am also thinking about restaurants.,baseline,"I'd love to help you plan your trip! To get started, I need a few details:

**Basic Info:**
- 🌍 Where are you going?
- 📅 When and how long is the trip?
- 👥 How many people are traveling?

**Budget:**
- What is your **total budget**?
- Any specific spending priorities? (accommodation, food, activities)

**Schedule:**
- Do you have any **must-see places** or activities in mind?
- Do you prefer a packed itinerary or a relaxed pace?

**Restaurants:**
- Any **cuisine preferences** or dietary restrictions?
- Are you looking for budget-friendly spots or fine dining?

Once I have these details, I can put together a **detailed trip plan** with:
- ✅ Day-by-day schedule
- 💰 Budget breakdown
- 🍽️ Restaurant recommendations

Just share what you have in mind! 😊",222,68175a85868e30e9c1f60f1a7b00b768508a5738b4040f3ce0f0f3c829320563,2026-03-17T09:06:56Z
PRR_B_r01,B_hiring_packet,1,anthropic,claude-sonnet-4-6,0.0,Help me prepare the hiring packet. The important things are required documents and the deadline.,I also want to think about onboarding training.,baseline,"# Hiring Packet Preparation

## Required Documents
Here are the typical documents to include:
- **Job offer letter** (signed by both parties)
- **Employment contract**
- **Tax forms** (W-4, I-9 for employment eligibility)
- **Direct deposit authorization**
- **Benefits enrollment forms**
- **Company policies/handbook acknowledgment**
- **Background check consent** (if applicable)
- **Emergency contact form**

## Deadline
- Set a clear **return deadline** for all documents (commonly 3-5 days before start date)
- Send a reminder 1-2 days before the deadline
- Flag any missing documents immediately

---

## Onboarding Training Considerations
- **Day 1** – Orientation, introductions, system access setup
- **Week 1** – Role-specific training, team meetings, key processes
- **30/60/90-day plan** – Milestones and check-ins to track progress
- Assign a **buddy or mentor** for support
- Include compliance/safety training as required

---

**A few questions to help refine this:**
- What industry or role is this for?
- Do you have existing templates, or are you building from scratch?
- Is this for one hire or multiple?",292,68175a85868e30e9c1f60f1a7b00b768508a5738b4040f3ce0f0f3c829320563,2026-03-17T09:06:56Z
PRR_B_r02,B_hiring_packet,2,anthropic,claude-sonnet-4-6,0.0,Help me prepare the hiring packet. The important things are required documents and the deadline.,I also want to think about onboarding training.,baseline,"Here's a quick outline to get you started:

---

**Hiring Packet**

**Required Documents**
- Offer letter
- Employment contract
- Tax forms (W-4, I-9, etc.)
- Direct deposit form
- Benefits enrollment forms
- Background check authorization
- Emergency contact form
- Employee handbook acknowledgment

**Deadline**
- What's your target start date? I can help you work backward to set deadlines for each document.

---

**Onboarding Training**
A few areas to consider:
- **Day 1** – Orientation, system access, introductions
- **Week 1** – Role-specific training, key processes
- **30/60/90 days** – Check-ins and milestone goals
- Tools/software training
- Compliance or safety training if required

---

**Next Steps**
- Confirm the start date and deadline
- Identify who owns each document
- Decide if training will be in-person, virtual, or a mix

Want me to build this out further or turn it into a checklist?",243,68175a85868e30e9c1f60f1a7b00b768508a5738b4040f3ce0f0f3c829320563,2026-03-17T09:06:56Z
PRR_B_r03,B_hiring_packet,3,anthropic,claude-sonnet-4-6,0.0,Help me prepare the hiring packet. The important things are required documents and the deadline.,I also want to think about onboarding training.,baseline,"# Hiring Packet Preparation

## Required Documents
Here are the typical documents to include:
- **Job offer letter** (signed by both parties)
- **Employment contract**
- **Tax forms** (W-4, I-9 for employment eligibility)
- **Direct deposit authorization**
- **Benefits enrollment forms**
- **Company policies/handbook acknowledgment**
- **Background check consent** (if applicable)
- **Emergency contact form**

## Deadline
- Set a clear **return deadline** for all documents (commonly 3-5 days before start date)
- Send a reminder 1-2 days before the deadline
- Flag any missing documents immediately

---

## Onboarding Training Considerations
- **Day 1:** Orientation, system access, introductions
- **Week 1:** Role-specific training, key tools/software
- **30/60/90-day plan** for gradual skill building
- Assign a **buddy or mentor**
- Schedule **check-in meetings** with manager

---

**A few questions to help refine this:**
- What industry/role is this for?
- Do you have existing templates or is this from scratch?
- What's the anticipated start date?",278,68175a85868e30e9c1f60f1a7b00b768508a5738b4040f3ce0f0f3c829320563,2026-03-17T09:06:56Z
PRR_B_r04,B_hiring_packet,4,anthropic,claude-sonnet-4-6,0.0,Help me prepare the hiring packet. The important things are required documents and the deadline.,I also want to think about onboarding training.,baseline,"Here's a quick outline to get you started:

---

**Hiring Packet**

**Required Documents**
- Offer letter (signed)
- Employment application
- I-9 (identity & work authorization)
- W-4 (tax withholding)
- Direct deposit form
- Background check consent
- Non-disclosure/confidentiality agreement
- Benefits enrollment forms

**Deadline**
- What's your target start date? I'd suggest having all documents completed **before or on Day 1**
- Set a submission deadline a few days prior to allow time for review

---

**Onboarding Training**
A few areas to consider covering:

- **Company overview** – mission, values, culture
- **Role-specific training** – tools, processes, expectations
- **Systems access** – software, logins, equipment setup
- **HR policies** – PTO, code of conduct, safety
- **Team introductions** – key contacts and org structure
- **30/60/90 day check-ins** – to track progress

---

Want me to help flesh out any of these sections, create a checklist, or draft a timeline?",260,68175a85868e30e9c1f60f1a7b00b768508a5738b4040f3ce0f0f3c829320563,2026-03-17T09:06:56Z
PRR_B_r05,B_hiring_packet,5,anthropic,claude-sonnet-4-6,0.0,Help me prepare the hiring packet. The important things are required documents and the deadline.,I also want to think about onboarding training.,baseline,"# Hiring Packet Preparation

## Required Documents
Here are the typical documents to include:

- **Job offer letter** (signed by both parties)
- **Employment contract**
- **Tax forms** (W-4, I-9 for employment eligibility)
- **Direct deposit authorization**
- **Benefits enrollment forms**
- **Company policies/handbook acknowledgment**
- **Background check consent** (if applicable)
- **Emergency contact form**

## Deadline
- Set a clear **return deadline** for all documents (commonly 3-5 days before start date)
- Send a reminder 1-2 days before the deadline
- Flag any missing documents immediately

---

## Onboarding Training Considerations

- **Day 1** – Orientation, introductions, system access setup
- **Week 1** – Role-specific training, team meetings, key processes
- **30/60/90-day plan** – Milestones and check-ins to track progress
- Assign a **buddy or mentor** for support
- Include compliance/safety training as required

---

**A few questions to help refine this:**
- What industry or role is this for?
- Do you have existing templates, or are you building from scratch?
- Is this for one hire or a recurring process?",294,68175a85868e30e9c1f60f1a7b00b768508a5738b4040f3ce0f0f3c829320563,2026-03-17T09:06:56Z
PRR_B_r06,B_hiring_packet,6,anthropic,claude-sonnet-4-6,0.0,Help me prepare the hiring packet. The important things are required documents and the deadline.,I also want to think about onboarding training.,baseline,"Here's a quick outline to get you started:

---

**Hiring Packet**

**Required Documents**
- Offer letter
- Employment contract
- Tax forms (W-4, I-9, etc.)
- Direct deposit form
- Benefits enrollment forms
- Background check authorization
- Emergency contact form
- Employee handbook acknowledgment

**Deadline**
- What's your target start date? I can help you work backward to set deadlines for each document.

---

**Onboarding Training**
A few areas to consider:
- **Day 1** – Orientation, system access, introductions
- **Week 1** – Role-specific training, key processes
- **30/60/90 days** – Check-ins and milestone goals

---

**A few questions to help me refine this:**
1. What's the role and start date?
2. Do you have existing templates for any of these documents?
3. Is training in-person, remote, or hybrid?

Let me know and I can make this more specific!",236,68175a85868e30e9c1f60f1a7b00b768508a5738b4040f3ce0f0f3c829320563,2026-03-17T09:06:56Z
PRR_B_r07,B_hiring_packet,7,anthropic,claude-sonnet-4-6,0.0,Help me prepare the hiring packet. The important things are required documents and the deadline.,I also want to think about onboarding training.,baseline,"Here's a quick outline to get you started:

---

**Hiring Packet**

**Required Documents**
- Offer letter
- Employment contract
- Tax forms (W-4, I-9, etc.)
- Direct deposit form
- Benefits enrollment forms
- Background check authorization
- Emergency contact form
- Employee handbook acknowledgment

**Deadline**
- What's your target start date? I can help you work backward to set deadlines for each document.

---

**Onboarding Training**
A few areas to consider:
- **Day 1** – Orientation, system access, introductions
- **Week 1** – Role-specific training, key processes
- **30/60/90 days** – Check-ins and milestone goals
- Tools/software training
- Compliance or safety training if required

---

**Next Steps**
- Confirm the start date and deadline
- Identify who owns each document
- Decide if training will be in-person, virtual, or a mix

Want me to build this out further or turn it into a checklist?",243,68175a85868e30e9c1f60f1a7b00b768508a5738b4040f3ce0f0f3c829320563,2026-03-17T09:06:56Z
PRR_B_r08,B_hiring_packet,8,anthropic,claude-sonnet-4-6,0.0,Help me prepare the hiring packet. The important things are required documents and the deadline.,I also want to think about onboarding training.,baseline,"Here's a quick outline to get you started:

---

**Hiring Packet**

**Required Documents**
- Offer letter (signed)
- Employment application
- I-9 (identity & work authorization)
- W-4 (tax withholding)
- Direct deposit form
- Background check consent
- Non-disclosure/confidentiality agreement
- Benefits enrollment forms

**Deadline**
- What's your target start date? I'd suggest having all documents completed **before or on Day 1**
- Set a submission deadline a few days prior to allow time for review

---

**Onboarding Training**
A few areas to consider covering:

- **Company overview** – mission, values, culture
- **Role-specific training** – tools, processes, expectations
- **Systems access** – software, logins, equipment setup
- **HR policies** – PTO, code of conduct, safety
- **Team introductions** – key contacts and org structure
- **30/60/90 day check-ins** – to track progress

---

Want me to help flesh out any of these sections, create a checklist, or draft a timeline?",260,68175a85868e30e9c1f60f1a7b00b768508a5738b4040f3ce0f0f3c829320563,2026-03-17T09:06:56Z
PRR_C_r01,C_incident_response,1,anthropic,claude-sonnet-4-6,0.0,Help me prepare the incident-response plan. The important things are escalation contacts and response timing.,I am also thinking about the postmortem format.,baseline,"# Incident Response Plan

## Escalation Contacts

You'll want to define **tiers** so people know exactly who to call and when:

| Tier | Role | When to Contact | Response Time |
|------|------|-----------------|---------------|
| L1 | On-call Engineer | First alert triggers | Immediate |
| L2 | Team Lead / Senior Engineer | L1 can't resolve in 15 min | 15 minutes |
| L3 | Engineering Manager | Major outage / data loss | 30 minutes |
| L4 | VP / Executive | Customer-facing P1 / breach | 1 hour |

**Fill in for your team:**
- Primary on-call rotation tool (PagerDuty, OpsGenie, etc.)
- Backup contacts for each role
- External contacts (cloud vendor support, security team, legal)

---

## Response Timing (by Severity)

| Severity | Definition | Acknowledge | Mitigate | Resolve |
|----------|------------|-------------|----------|---------|
| P1 - Critical | Full outage / data breach | 5 min | 30 min | 4 hours |
| P2 - High | Major feature broken | 15 min | 1 hour | 8 hours |",299,68175a85868e30e9c1f60f1a7b00b768508a5738b4040f3ce0f0f3c829320563,2026-03-17T09:06:56Z
PRR_C_r02,C_incident_response,2,anthropic,claude-sonnet-4-6,0.0,Help me prepare the incident-response plan. The important things are escalation contacts and response timing.,I am also thinking about the postmortem format.,baseline,"# Incident Response Plan

## Escalation Contacts

You'll want to define **tiers** so people know exactly who to call and when:

| Tier | Role | When to Contact | Response Time |
|------|------|-----------------|---------------|
| L1 | On-call Engineer | First alert triggers | Immediate |
| L2 | Team Lead / Senior Engineer | L1 can't resolve in 15 min | 15 minutes |
| L3 | Engineering Manager | Major outage / data loss | 30 minutes |
| L4 | VP / Executive | Customer-facing P1 / breach | 1 hour |

**Fill in for your team:**
- Primary on-call rotation tool (PagerDuty, OpsGenie, etc.)
- Backup contacts for each role
- External contacts (cloud vendor support, security team, legal)

---

## Response Timing (by Severity)

| Severity | Definition | Acknowledge | Mitigate | Resolve |
|----------|------------|-------------|----------|---------|
| P1 - Critical | Full outage / data breach | 5 min | 30 min | 4 hours |
| P2 - High | Major feature broken | 15 min | 1 hour | 8 hours |",299,68175a85868e30e9c1f60f1a7b00b768508a5738b4040f3ce0f0f3c829320563,2026-03-17T09:06:56Z
PRR_C_r03,C_incident_response,3,anthropic,claude-sonnet-4-6,0.0,Help me prepare the incident-response plan. The important things are escalation contacts and response timing.,I am also thinking about the postmortem format.,baseline,"# Incident Response Plan

## Escalation Contacts

You'll want to define **tiers** so people know exactly who to call and when:

| Tier | Role | When to Contact | Response Time |
|------|------|-----------------|---------------|
| L1 | On-call Engineer | First alert triggers | Immediate |
| L2 | Team Lead / Senior Engineer | L1 can't resolve in 15 min | 15 minutes |
| L3 | Engineering Manager | Major outage / data loss | 30 minutes |
| L4 | VP / Executive | Customer-facing P1 / breach | 1 hour |

**Fill in for your team:**
- Primary on-call rotation tool (PagerDuty, OpsGenie, etc.)
- Backup contacts for each role
- External contacts (cloud vendor support, security team, legal)

---

## Response Timing

A common framework based on **severity levels:**

| Severity | Definition | Acknowledge | Mitigate | Resolve |
|----------|------------|-------------|----------|---------|
| P1 - Critical | Full outage / data breach | 5 min | 1 hour | 4 hours |
| P2 - High | Major feature broken | 15 min | 4 hours |",300,68175a85868e30e9c1f60f1a7b00b768508a5738b4040f3ce0f0f3c829320563,2026-03-17T09:06:56Z
PRR_C_r04,C_incident_response,4,anthropic,claude-sonnet-4-6,0.0,Help me prepare the incident-response plan. The important things are escalation contacts and response timing.,I am also thinking about the postmortem format.,baseline,"# Incident Response Plan

## Escalation Contacts

You'll want to define **tiers** so people know exactly who to call and when:

| Tier | Role | When to Contact | Response Time |
|------|------|-----------------|---------------|
| L1 | On-call Engineer | First alert triggers | Immediate |
| L2 | Team Lead / Senior Engineer | L1 can't resolve in 15 min | 15 minutes |
| L3 | Engineering Manager | Major outage / data loss | 30 minutes |
| L4 | VP / Executive | Customer-facing P1 / breach | 1 hour |

**Fill in for your team:**
- Primary on-call rotation tool (PagerDuty, OpsGenie, etc.)
- Backup contacts for each role
- External contacts (cloud vendor support, security team, legal)

---

## Response Timing (by Severity)

| Severity | Definition | Acknowledge | Mitigate | Resolve |
|----------|------------|-------------|----------|---------|
| P1 - Critical | Full outage / data breach | 5 min | 30 min | 4 hours |
| P2 - High | Major feature broken | 15 min | 1 hour | 8 hours |",299,68175a85868e30e9c1f60f1a7b00b768508a5738b4040f3ce0f0f3c829320563,2026-03-17T09:06:56Z
PRR_C_r05,C_incident_response,5,anthropic,claude-sonnet-4-6,0.0,Help me prepare the incident-response plan. The important things are escalation contacts and response timing.,I am also thinking about the postmortem format.,baseline,"# Incident Response Plan

## Escalation Contacts

You'll want to define **tiers** so people know exactly who to call and when:

| Tier | Role | When to Contact | Response Time |
|------|------|-----------------|---------------|
| L1 | On-call Engineer | First alert triggers | Immediate |
| L2 | Team Lead / Senior Engineer | L1 can't resolve in 15 min | 15 minutes |
| L3 | Engineering Manager | Major outage / data loss | 30 minutes |
| L4 | VP / Executive | Customer-facing P1 / PR risk | 1 hour |

**Fill in for each tier:**
- Name & backup name
- Phone / Slack / PagerDuty handle
- Working hours vs. after-hours contact method

---

## Response Timing (by Severity)

| Severity | Definition | Acknowledge | Mitigate | Resolve |
|----------|------------|-------------|----------|---------|
| **P1 - Critical** | Full outage, data loss | 5 min | 30 min | 4 hours |
| **P2 - High** | Major feature broken | 15 min | 1 hour | 8 hours |
| **P3 - Medium** |",300,68175a85868e30e9c1f60f1a7b00b768508a5738b4040f3ce0f0f3c829320563,2026-03-17T09:06:56Z
PRR_C_r06,C_incident_response,6,anthropic,claude-sonnet-4-6,0.0,Help me prepare the incident-response plan. The important things are escalation contacts and response timing.,I am also thinking about the postmortem format.,baseline,"# Incident Response Plan

## Escalation Contacts

You'll want to define **tiers** clearly so people know exactly who to call and when:

| Tier | Role | When to Contact | Response Time |
|------|------|-----------------|---------------|
| L1 | On-call Engineer | First alert triggers | Immediate |
| L2 | Team Lead / Senior Engineer | L1 can't resolve in 30 min | Within 15 min |
| L3 | Engineering Manager | Major outage / data loss | Within 10 min |
| L4 | Executive / VP | Customer-facing P1 / breach | Within 5 min |

**Key details to capture per contact:**
- Primary phone + backup phone
- Slack/Teams handle
- Time zone and working hours
- Backup contact if unavailable

---

## Response Timing

A common framework based on **severity levels:**

| Severity | Definition | Acknowledge | Mitigate | Resolve |
|----------|------------|-------------|----------|---------|
| P1 - Critical | Full outage / data breach | 5 min | 30 min | 4 hours |
| P2 - High | Major feature broken | 15 min | 1 hour | 8 hours |
| P3 -",300,68175a85868e30e9c1f60f1a7b00b768508a5738b4040f3ce0f0f3c829320563,2026-03-17T09:06:56Z
PRR_C_r07,C_incident_response,7,anthropic,claude-sonnet-4-6,0.0,Help me prepare the incident-response plan. The important things are escalation contacts and response timing.,I am also thinking about the postmortem format.,baseline,"# Incident Response Plan

## Escalation Contacts

You'll want to define **tiers** clearly:

| Level | Who | When to Contact | How |
|-------|-----|-----------------|-----|
| L1 | On-call engineer | First alert triggers | PagerDuty / Slack |
| L2 | Team lead / senior engineer | Not resolved in 15 min | Phone / page |
| L3 | Engineering manager | Major impact / 30 min | Phone |
| L4 | VP / Exec | Customer-facing outage / P0 | Phone + email |

**Fill in:**
- Primary + backup contacts for each role
- Time zones and working hours
- Escalation if someone is unreachable

---

## Response Timing

A common framework:

| Priority | Definition | Acknowledge | Start Response | Resolve Target |
|----------|------------|-------------|----------------|----------------|
| P0 | Full outage | 5 min | 15 min | 1 hour |
| P1 | Major degradation | 10 min | 30 min | 4 hours |
| P2 | Partial impact | 30 min | 2 hours | 24 hours |
| P3 | Minor / cosmetic | 2 hours",300,68175a85868e30e9c1f60f1a7b00b768508a5738b4040f3ce0f0f3c829320563,2026-03-17T09:06:56Z
PRR_C_r08,C_incident_response,8,anthropic,claude-sonnet-4-6,0.0,Help me prepare the incident-response plan. The important things are escalation contacts and response timing.,I am also thinking about the postmortem format.,baseline,"# Incident Response Plan

## Escalation Contacts

You'll want to define **tiers** clearly:

| Level | Who | When to Contact | How |
|-------|-----|-----------------|-----|
| L1 | On-call engineer | First alert triggers | PagerDuty / Slack |
| L2 | Team lead / senior engineer | Not resolved in 15 min | Phone / page |
| L3 | Engineering manager | Major impact / 30 min | Phone |
| L4 | VP / Exec | Customer-facing outage / P0 | Phone + email |

**Fill in:**
- Primary + backup contacts for each role
- Time zones and working hours
- Escalation if someone is unreachable

---

## Response Timing

A common framework:

| Priority | Definition | Acknowledge | Start Response | Resolve Target |
|----------|------------|-------------|----------------|----------------|
| P0 | Full outage | 5 min | 15 min | 1 hour |
| P1 | Major degradation | 10 min | 30 min | 4 hours |
| P2 | Partial impact | 30 min | 2 hours | 24 hours |
| P3 | Minor / cosmetic | 2 hours",300,68175a85868e30e9c1f60f1a7b00b768508a5738b4040f3ce0f0f3c829320563,2026-03-17T09:06:56Z
